,naive,pad,matrix,sparse
10,156.40847551127044,208.93958459676497,69.56143286223214,7323.213238494866
100,154.25131081375667,204.76114001804905,70.65087765374517,7005.029190657049
1000,147.46358048082445,206.7834628465719,70.49058299771688,7131.0572805031425
10000,154.3666465926739,206.69039615719868,70.31233177225312,7684.475438495263
