,naive,pad,matrix,sparse
10,14799.89797936947,18085.003131719423,26860.66032456857,25810.15939494316
50,581.3953488372108,717.9187592602556,889.2610611107649,22854.234927820766
100,143.45478574131164,203.5945748750845,67.92484229408234,7154.000350069017
200,38.35038993557935,51.45689477365185,0.5413022951005825,1461.753796613134
