,naive,pad,matrix,sparse
10,155.44819980465957,201.48917289534057,44.720716309243635,6080.41346811545
100,148.73854247175535,204.95600704707076,66.45750407798197,6929.339446858368
1000,145.37880116075644,205.29302349159846,66.25851421907723,7038.673050586278
10000,148.51822108419418,202.78993800130303,56.23855014753178,7202.160071848261
